model,choice_set_accuracy,top2_accuracy
Rule: lowest GC,0.32075471698113206,0.5849056603773585
Rule: fastest total time,0.2641509433962264,0.7924528301886793
Rule: train popularity,0.2641509433962264,0.49056603773584906
