k,inertia,silhouette,davies_bouldin
2,3066.5598031538566,0.42345930423039957,0.904958901816915
3,2528.711071815147,0.30212356999296325,1.4708389379099873
4,2280.5399099341334,0.2759402270209029,1.5918195779350128
5,2088.698633807948,0.24560942931118673,1.5445990649771597
6,1862.3198520662984,0.25944250080647013,1.4253445710572945
