segment,individuals,rows,choice_rate,mean_income,mean_party_size,mean_gc,mean_total_time
0,110,440,0.25,35.336363636363636,1.7272727272727273,146.70454545454547,688.3068181818181
1,100,400,0.25,33.68,1.76,71.4725,336.4475
